N,Model,Rule,Node,Importance
2000,WeightedGAT_LSTM,Period4,sex,0.09644
2000,WeightedGAT_LSTM,Period4,ethnicity,0.11349
2000,WeightedGAT_LSTM,Period4,marriage,0.0
2000,WeightedGAT_LSTM,Period4,education,0.0886
2000,WeightedGAT_LSTM,Period4,class,0.10692
2000,WeightedGAT_LSTM,Period4,admissions,0.12693
2000,WeightedGAT_LSTM,Period4,admissions2,0.17925
2000,WeightedGAT_LSTM,Period4,admissions3,0.15587
2000,WeightedGAT_LSTM,Period4,admissions4,0.1325
2000,WeightedGAT_LSTM,Period1,sex,0.07746
2000,WeightedGAT_LSTM,Period1,ethnicity,0.08421
2000,WeightedGAT_LSTM,Period1,marriage,0.0
2000,WeightedGAT_LSTM,Period1,education,0.04567
2000,WeightedGAT_LSTM,Period1,class,0.05143
2000,WeightedGAT_LSTM,Period1,admissions,0.12531
2000,WeightedGAT_LSTM,Period1,admissions2,0.21998
2000,WeightedGAT_LSTM,Period1,admissions3,0.20023
2000,WeightedGAT_LSTM,Period1,admissions4,0.1957
2000,WeightedGAT_LSTM,Period2,sex,0.11276
2000,WeightedGAT_LSTM,Period2,ethnicity,0.10955
2000,WeightedGAT_LSTM,Period2,marriage,0.0
2000,WeightedGAT_LSTM,Period2,education,0.1142
2000,WeightedGAT_LSTM,Period2,class,0.11135
2000,WeightedGAT_LSTM,Period2,admissions,0.11122
2000,WeightedGAT_LSTM,Period2,admissions2,0.15952
2000,WeightedGAT_LSTM,Period2,admissions3,0.1402
2000,WeightedGAT_LSTM,Period2,admissions4,0.1412
2000,WeightedGAT_LSTM,Repeats1,sex,0.10909
2000,WeightedGAT_LSTM,Repeats1,ethnicity,0.10909
2000,WeightedGAT_LSTM,Repeats1,marriage,0.0
2000,WeightedGAT_LSTM,Repeats1,education,0.10909
2000,WeightedGAT_LSTM,Repeats1,class,0.10909
2000,WeightedGAT_LSTM,Repeats1,admissions,0.10909
2000,WeightedGAT_LSTM,Repeats1,admissions2,0.16363
2000,WeightedGAT_LSTM,Repeats1,admissions3,0.14545
2000,WeightedGAT_LSTM,Repeats1,admissions4,0.14546
2000,WeightedGAT_LSTM,Timing1,sex,0.1091
2000,WeightedGAT_LSTM,Timing1,ethnicity,0.1091
2000,WeightedGAT_LSTM,Timing1,marriage,0.0
2000,WeightedGAT_LSTM,Timing1,education,0.10911
2000,WeightedGAT_LSTM,Timing1,class,0.1091
2000,WeightedGAT_LSTM,Timing1,admissions,0.10908
2000,WeightedGAT_LSTM,Timing1,admissions2,0.16362
2000,WeightedGAT_LSTM,Timing1,admissions3,0.14544
2000,WeightedGAT_LSTM,Timing1,admissions4,0.14545
2000,WeightedGAT_LSTM,Timing2,sex,0.13748
2000,WeightedGAT_LSTM,Timing2,ethnicity,0.11222
2000,WeightedGAT_LSTM,Timing2,marriage,0.0
2000,WeightedGAT_LSTM,Timing2,education,0.1472
2000,WeightedGAT_LSTM,Timing2,class,0.12505
2000,WeightedGAT_LSTM,Timing2,admissions,0.11055
2000,WeightedGAT_LSTM,Timing2,admissions2,0.1424
2000,WeightedGAT_LSTM,Timing2,admissions3,0.10613
2000,WeightedGAT_LSTM,Timing2,admissions4,0.11896
2000,WeightedGAT_LSTM,Order1,sex,0.10909
2000,WeightedGAT_LSTM,Order1,ethnicity,0.10909
2000,WeightedGAT_LSTM,Order1,marriage,0.0
2000,WeightedGAT_LSTM,Order1,education,0.10909
2000,WeightedGAT_LSTM,Order1,class,0.10909
2000,WeightedGAT_LSTM,Order1,admissions,0.10909
2000,WeightedGAT_LSTM,Order1,admissions2,0.16364
2000,WeightedGAT_LSTM,Order1,admissions3,0.14545
2000,WeightedGAT_LSTM,Order1,admissions4,0.14545
