N,Rule,Model,Temporal_Encoder,AUROC,F1_Score,Optimal_Threshold,Brier_Score,Pos_Rate,Training_Time_Sec
500,Order1,EconomicGNN_LSTM,lstm,0.6229166666666668,0.13333333333333333,0.5292205810546875,0.27717679738998413,0.04010025062646592,20.18249487876892
500,Order1,EconomicGNN_GRU,gru,0.753125,0.21428571428571427,0.5730686783790588,0.32113587856292725,0.04010025062646592,7.159116983413696
500,Order1,EconomicGNN_CNN,cnn,0.5520833333333334,0.16666666666666666,0.5563390851020813,0.3025969862937927,0.04010025062646592,5.324509859085083
500,Order1,HybridGNN_LSTM,lstm,0.5437500000000001,0.12121212121212122,0.5769287943840027,0.3252299726009369,0.04010025062646592,28.236548900604248
500,Order1,WeightedGAT_LSTM,lstm,0.54375,0.0975609756097561,0.6235045790672302,0.3765023350715637,0.04010025062646592,18.779765844345093
500,Order2,EconomicGNN_LSTM,lstm,0.898989898989899,0.0,0.5206341743469238,0.2705872058868408,0.009999999999975001,10.900151014328003
500,Order2,EconomicGNN_GRU,gru,0.8181818181818181,0.0,0.5656856298446655,0.3184542953968048,0.009999999999975001,6.438781976699829
500,Order2,EconomicGNN_CNN,cnn,0.9292929292929293,0.0,0.45085451006889343,0.20003530383110046,0.009999999999975001,4.646488189697266
500,Order2,HybridGNN_LSTM,lstm,0.9292929292929293,0.0,0.1324957013130188,0.02490326017141342,0.009999999999975001,16.70763897895813
500,Order2,WeightedGAT_LSTM,lstm,0.9494949494949495,0.0,0.4715343713760376,0.22280080616474152,0.009999999999975001,16.720221042633057
500,Order3,EconomicGNN_LSTM,lstm,0.5,0.0,0.5,0.0,0.0,0.00986790657043457
500,Order3,EconomicGNN_GRU,gru,0.5,0.0,0.5,0.0,0.0,0.0058231353759765625
500,Order3,EconomicGNN_CNN,cnn,0.5,0.0,0.5,0.0,0.0,0.0069828033447265625
500,Order3,HybridGNN_LSTM,lstm,0.5,0.0,0.5,0.0,0.0,0.1134040355682373
500,Order3,WeightedGAT_LSTM,lstm,0.5,0.0,0.5,0.0,0.0,0.006788730621337891
500,Period1,EconomicGNN_LSTM,lstm,0.7448979591836734,0.12903225806451613,0.5479626655578613,0.29741203784942627,0.02005012531323296,22.39492678642273
500,Period1,EconomicGNN_GRU,gru,0.6462585034013606,0.2222222222222222,0.44495534896850586,0.2010461539030075,0.02005012531323296,8.568543910980225
500,Period1,EconomicGNN_CNN,cnn,0.5,0.0,0.5,0.0,0.02005012531323296,3.3392791748046875
500,Period1,HybridGNN_LSTM,lstm,0.5884353741496599,0.06666666666666667,0.4882277548313141,0.23906566202640533,0.02005012531323296,13.00951099395752
500,Period1,WeightedGAT_LSTM,lstm,0.5629251700680272,0.06666666666666667,0.5433967709541321,0.29270175099372864,0.02005012531323296,14.778846979141235
500,Period2,EconomicGNN_LSTM,lstm,0.5,0.0,0.5,0.0,0.029999999999925,9.652830839157104
500,Period2,EconomicGNN_GRU,gru,0.5446735395189003,0.0,0.6102877259254456,0.36582624912261963,0.029999999999925,12.351803302764893
500,Period2,EconomicGNN_CNN,cnn,0.5807560137457044,0.0,0.3654727637767792,0.1383715122938156,0.029999999999925,4.624336004257202
500,Period2,HybridGNN_LSTM,lstm,0.7130584192439863,0.1,0.5509539842605591,0.30049192905426025,0.029999999999925,24.193970918655396
500,Period2,WeightedGAT_LSTM,lstm,0.5910652920962199,0.06896551724137931,0.5251232981681824,0.2742266356945038,0.029999999999925,11.003009796142578
500,Period3,EconomicGNN_LSTM,lstm,1.0,0.0,0.13933402299880981,0.026553630828857422,0.00250626566415412,13.029977798461914
500,Period3,EconomicGNN_GRU,gru,0.98,0.0,0.2013142704963684,0.046413809061050415,0.00250626566415412,6.449169158935547
500,Period3,EconomicGNN_CNN,cnn,0.6599999999999999,0.0,0.011250531300902367,0.009803932160139084,0.00250626566415412,6.153939962387085
500,Period3,HybridGNN_LSTM,lstm,0.98,0.0,0.018752137199044228,0.00988130271434784,0.00250626566415412,26.028060913085938
500,Period3,WeightedGAT_LSTM,lstm,0.55,0.0,0.02564423158764839,0.010050838813185692,0.00250626566415412,11.067033767700195
500,Period4,EconomicGNN_LSTM,lstm,0.98989898989899,0.0,0.22039271891117096,0.05416223406791687,0.009999999999975001,22.05122470855713
500,Period4,EconomicGNN_GRU,gru,0.9696969696969697,0.0,0.4532771110534668,0.20633774995803833,0.009999999999975001,9.26641583442688
500,Period4,EconomicGNN_CNN,cnn,0.898989898989899,0.0,0.3588747978210449,0.13121852278709412,0.009999999999975001,3.961854934692383
500,Period4,HybridGNN_LSTM,lstm,0.9797979797979799,0.0,0.5062007308006287,0.25611382722854614,0.009999999999975001,20.70061492919922
500,Period4,WeightedGAT_LSTM,lstm,0.8787878787878789,0.0,0.5553410649299622,0.3072594404220581,0.009999999999975001,13.053199768066406
500,Repeats1,EconomicGNN_LSTM,lstm,0.5294736842105263,0.0,0.554408073425293,0.3018520474433899,0.049999999999875,10.971020698547363
500,Repeats1,EconomicGNN_GRU,gru,0.5957894736842105,0.0,0.5224171876907349,0.27050599455833435,0.049999999999875,6.6042258739471436
500,Repeats1,EconomicGNN_CNN,cnn,0.8947368421052632,0.46153846153846156,0.7741087079048157,0.37440091371536255,0.049999999999875,9.939686059951782
500,Repeats1,HybridGNN_LSTM,lstm,0.6631578947368422,0.0,0.5543924570083618,0.30190959572792053,0.049999999999875,11.089077949523926
500,Repeats1,WeightedGAT_LSTM,lstm,0.7978947368421052,0.2,0.573509156703949,0.32106736302375793,0.049999999999875,11.146245241165161
500,Repeats2,EconomicGNN_LSTM,lstm,0.735,0.0,0.025392018258571625,0.010042914189398289,0.00250626566415412,12.921367883682251
500,Repeats2,EconomicGNN_GRU,gru,1.0,0.0,0.22171616554260254,0.05466378480195999,0.00250626566415412,7.280877113342285
500,Repeats2,EconomicGNN_CNN,cnn,0.71,0.0,0.02632700651884079,0.010068397969007492,0.00250626566415412,4.654632806777954
500,Repeats2,HybridGNN_LSTM,lstm,0.8400000000000001,0.0,0.013923214748501778,0.00981877837330103,0.00250626566415412,11.094734907150269
500,Repeats2,WeightedGAT_LSTM,lstm,0.8200000000000001,0.0,0.001954109640792012,0.009866091422736645,0.00250626566415412,16.52971577644348
500,Repeats3,EconomicGNN_LSTM,lstm,0.5,0.0,0.5,0.0,0.002,0.009058713912963867
500,Repeats3,EconomicGNN_GRU,gru,0.5,0.0,0.5,0.0,0.002,0.006612062454223633
500,Repeats3,EconomicGNN_CNN,cnn,0.5,0.0,0.5,0.0,0.002,0.007478952407836914
500,Repeats3,HybridGNN_LSTM,lstm,0.5,0.0,0.5,0.0,0.002,0.006072998046875
500,Repeats3,WeightedGAT_LSTM,lstm,0.5,0.0,0.5,0.0,0.002,0.01132965087890625
500,Timing1,EconomicGNN_LSTM,lstm,0.5,0.0,0.5,0.0,0.012531328320770599,9.280458927154541
500,Timing1,EconomicGNN_GRU,gru,0.5151515151515151,0.0,0.4411630630493164,0.19691325724124908,0.012531328320770599,9.731303930282593
500,Timing1,EconomicGNN_CNN,cnn,0.5555555555555556,0.0,0.607774019241333,0.36267170310020447,0.012531328320770599,1219.4326300621033
500,Timing1,HybridGNN_LSTM,lstm,0.8282828282828283,0.09090909090909091,0.5347187519073486,0.2845476269721985,0.012531328320770599,12.916234970092773
500,Timing1,WeightedGAT_LSTM,lstm,0.5454545454545454,0.0,0.508506178855896,0.2581959068775177,0.012531328320770599,14.674306869506836
500,Timing2,EconomicGNN_LSTM,lstm,0.5833333333333334,0.1276595744680851,0.5613726377487183,0.30904462933540344,0.04010025062646592,10.977271795272827
500,Timing2,EconomicGNN_GRU,gru,0.5,0.0,0.5,0.0,0.04010025062646592,5.385319948196411
500,Timing2,EconomicGNN_CNN,cnn,0.80625,0.21428571428571427,0.5819500088691711,0.33029964566230774,0.04010025062646592,5.299382925033569
500,Timing2,HybridGNN_LSTM,lstm,0.5104166666666667,0.0,0.4436846971511841,0.2024032324552536,0.04010025062646592,11.06243085861206
500,Timing2,WeightedGAT_LSTM,lstm,0.5791666666666667,0.13114754098360656,0.5563800930976868,0.3039786219596863,0.04010025062646592,14.665669202804565
500,Timing3,EconomicGNN_LSTM,lstm,0.79,0.0,0.04236595332622528,0.01085685659199953,0.007518796992462359,12.716328859329224
500,Timing3,EconomicGNN_GRU,gru,0.79,0.0,0.4832572937011719,0.23370058834552765,0.007518796992462359,6.548243045806885
500,Timing3,EconomicGNN_CNN,cnn,1.0,0.0,0.3970333933830261,0.1591651439666748,0.007518796992462359,5.306920051574707
500,Timing3,HybridGNN_LSTM,lstm,1.0,0.0,0.15725496411323547,0.0315072126686573,0.007518796992462359,13.001851081848145
500,Timing3,WeightedGAT_LSTM,lstm,0.9000000000000001,0.0,0.534667432308197,0.2851473093032837,0.007518796992462359,12.812318086624146
500,Timing4,EconomicGNN_LSTM,lstm,0.9518900343642612,0.0,0.512241005897522,0.2616293132305145,0.029999999999925,12.717296838760376
500,Timing4,EconomicGNN_GRU,gru,0.6855670103092784,0.0851063829787234,0.5439279079437256,0.2932141423225403,0.029999999999925,6.4436609745025635
500,Timing4,EconomicGNN_CNN,cnn,0.6254295532646048,0.0,0.5780327320098877,0.32708048820495605,0.029999999999925,4.895459175109863
500,Timing4,HybridGNN_LSTM,lstm,0.5773195876288659,0.0,0.5410241484642029,0.29008999466896057,0.029999999999925,12.998472929000854
500,Timing4,WeightedGAT_LSTM,lstm,0.9243986254295533,0.3333333333333333,0.47715532779693604,0.22898723185062408,0.029999999999925,11.058662176132202
1000,Order1,EconomicGNN_LSTM,lstm,0.656305114638448,0.21052631578947367,0.606967031955719,0.35562366247177124,0.05757196495612319,46.82163405418396
1000,Order1,EconomicGNN_GRU,gru,0.703042328042328,0.25,0.5919669270515442,0.33941465616226196,0.05757196495612319,16.684305906295776
1000,Order1,EconomicGNN_CNN,cnn,0.6728395061728395,0.17777777777777778,0.6028552651405334,0.347351998090744,0.05757196495612319,10.640647172927856
1000,Order1,HybridGNN_LSTM,lstm,0.6494708994708995,0.18181818181818182,0.5670109391212463,0.31349942088127136,0.05757196495612319,25.754483938217163
1000,Order1,WeightedGAT_LSTM,lstm,0.7281746031746031,0.20689655172413793,0.5368374586105347,0.28378090262413025,0.05757196495612319,25.59833073616028
1000,Order2,EconomicGNN_LSTM,lstm,0.797979797979798,0.047619047619047616,0.532930850982666,0.2829696834087372,0.012515644555678954,32.25790596008301
1000,Order2,EconomicGNN_GRU,gru,0.8804713804713804,0.0,0.5566595792770386,0.3081265091896057,0.012515644555678954,25.71446990966797
1000,Order2,EconomicGNN_CNN,cnn,0.5892255892255892,0.0,0.5480225086212158,0.2985408306121826,0.012515644555678954,9.253988265991211
1000,Order2,HybridGNN_LSTM,lstm,0.5,0.0,0.5,0.0,0.012515644555678954,18.31686496734619
1000,Order2,WeightedGAT_LSTM,lstm,0.787878787878788,0.0,0.5402828454971313,0.29069989919662476,0.012515644555678954,55.012805223464966
1000,Order3,EconomicGNN_LSTM,lstm,0.7311557788944724,0.03125,0.026539131999015808,0.010126335546374321,0.005006257822271582,25.24859595298767
1000,Order3,EconomicGNN_GRU,gru,0.8957286432160804,0.07142857142857142,0.052087511867284775,0.011626659892499447,0.005006257822271582,31.880411863327026
1000,Order3,EconomicGNN_CNN,cnn,0.5,0.0,0.5,0.0,0.005006257822271582,6.606734991073608
1000,Order3,HybridGNN_LSTM,lstm,0.8555276381909548,0.0,0.02499164640903473,0.010077466256916523,0.005006257822271582,29.423970222473145
1000,Order3,WeightedGAT_LSTM,lstm,0.6608040201005025,0.022222222222222223,0.01326711941510439,0.00986222643405199,0.005006257822271582,51.635539054870605
1000,Period1,EconomicGNN_LSTM,lstm,0.6935279187817259,0.08163265306122448,0.5696284174919128,0.32170337438583374,0.015018773466814746,25.08905577659607
1000,Period1,EconomicGNN_GRU,gru,0.6833756345177666,0.14285714285714285,0.5518493056297302,0.30246496200561523,0.015018773466814746,23.253350973129272
1000,Period1,EconomicGNN_CNN,cnn,0.5,0.0,0.5,0.0,0.015018773466814746,6.728765964508057
1000,Period1,HybridGNN_LSTM,lstm,0.5831218274111676,0.05128205128205128,0.34750524163246155,0.12683802843093872,0.015018773466814746,22.180967330932617
1000,Period1,WeightedGAT_LSTM,lstm,0.5,0.0,0.5,0.0,0.015018773466814746,18.402199745178223
1000,Period2,EconomicGNN_LSTM,lstm,0.6292098445595855,0.11940298507462686,0.668812096118927,0.4338669776916504,0.03504380475590107,25.378093242645264
1000,Period2,EconomicGNN_GRU,gru,0.5657383419689119,0.14285714285714285,0.5819264650344849,0.33210381865501404,0.03504380475590107,31.71164584159851
1000,Period2,EconomicGNN_CNN,cnn,0.5,0.0,0.5,0.0,0.03504380475590107,6.574689865112305
1000,Period2,HybridGNN_LSTM,lstm,0.6473445595854922,0.4,0.5955529808998108,0.347076416015625,0.03504380475590107,36.79976010322571
1000,Period2,WeightedGAT_LSTM,lstm,0.5,0.0,0.5,0.0,0.03504380475590107,18.29576802253723
1000,Period3,EconomicGNN_LSTM,lstm,0.5175879396984924,0.0,0.0527583509683609,0.011683126911520958,0.006257822277839477,32.571192026138306
1000,Period3,EconomicGNN_GRU,gru,0.8831658291457287,0.0,0.08332732319831848,0.015234828926622868,0.006257822277839477,23.29555606842041
1000,Period3,EconomicGNN_CNN,cnn,0.7675879396984925,0.0,0.03632092848420143,0.010542246513068676,0.006257822277839477,10.563334941864014
1000,Period3,HybridGNN_LSTM,lstm,0.9334170854271358,0.1111111111111111,0.04448980838060379,0.011044198647141457,0.006257822277839477,37.37030911445618
1000,Period3,WeightedGAT_LSTM,lstm,0.5,0.0,0.5,0.0,0.006257822277839477,18.523957014083862
1000,Period4,EconomicGNN_LSTM,lstm,0.7297979797979798,0.0,0.5910495519638062,0.3466182053089142,0.012515644555678954,32.98648023605347
1000,Period4,EconomicGNN_GRU,gru,0.7575757575757576,0.16666666666666666,0.5405398607254028,0.29081106185913086,0.012515644555678954,15.246986627578735
1000,Period4,EconomicGNN_CNN,cnn,0.6818181818181818,0.0425531914893617,0.6428842544555664,0.4075489044189453,0.012515644555678954,8.204497337341309
1000,Period4,HybridGNN_LSTM,lstm,0.6590909090909091,0.044444444444444446,0.6406192779541016,0.40619543194770813,0.012515644555678954,33.71561408042908
1000,Period4,WeightedGAT_LSTM,lstm,0.9781144781144782,0.4,0.5364723801612854,0.2866913080215454,0.012515644555678954,22.232468128204346
1000,Repeats1,EconomicGNN_LSTM,lstm,0.5507054673721341,0.08333333333333333,0.5432066917419434,0.28970807790756226,0.05882352941169108,22.050333976745605
1000,Repeats1,EconomicGNN_GRU,gru,0.5564373897707231,0.14285714285714285,0.5910801887512207,0.3385246992111206,0.05882352941169108,14.78201699256897
1000,Repeats1,EconomicGNN_CNN,cnn,0.9982363315696648,0.88,0.850391149520874,0.025510519742965698,0.05882352941169108,19.877708911895752
1000,Repeats1,HybridGNN_LSTM,lstm,0.6492504409171076,0.1568627450980392,0.5853468179702759,0.33244016766548157,0.05882352941169108,37.51612186431885
1000,Repeats1,WeightedGAT_LSTM,lstm,0.5244708994708995,0.11320754716981132,0.5787358283996582,0.32550913095474243,0.05882352941169108,22.2048978805542
1000,Repeats2,EconomicGNN_LSTM,lstm,0.6532663316582914,0.025974025974025976,0.4795461595058441,0.23037070035934448,0.008760951188975267,29.27173399925232
1000,Repeats2,EconomicGNN_GRU,gru,0.5,0.0,0.5,0.0,0.008760951188975267,10.898185014724731
1000,Repeats2,EconomicGNN_CNN,cnn,0.7839195979899497,0.04,0.22654768824577332,0.05619170516729355,0.008760951188975267,9.280320882797241
1000,Repeats2,HybridGNN_LSTM,lstm,0.6658291457286432,0.0,0.015919281169772148,0.00988683383911848,0.008760951188975267,29.91324520111084
1000,Repeats2,WeightedGAT_LSTM,lstm,0.6683417085427137,0.022727272727272728,0.503958523273468,0.25389012694358826,0.008760951188975267,33.85780477523804
1000,Repeats3,EconomicGNN_LSTM,lstm,0.7211055276381909,0.0,0.06365279853343964,0.01273512002080679,0.006257822277839477,55.02931523323059
1000,Repeats3,EconomicGNN_GRU,gru,0.778894472361809,0.0,0.10496853291988373,0.018836822360754013,0.006257822277839477,14.64964485168457
1000,Repeats3,EconomicGNN_CNN,cnn,0.8291457286432161,0.0,0.107561394572258,0.013915669173002243,0.006257822277839477,19.778845071792603
1000,Repeats3,HybridGNN_LSTM,lstm,0.592964824120603,0.02247191011235955,0.03695239871740341,0.010580220259726048,0.006257822277839477,33.70500206947327
1000,Repeats3,WeightedGAT_LSTM,lstm,0.8077889447236181,0.05128205128205128,0.5117586851119995,0.26166287064552307,0.006257822277839477,44.463958978652954
1000,Timing1,EconomicGNN_LSTM,lstm,0.6947717231222386,0.11594202898550725,0.6309665441513062,0.38898706436157227,0.03003754693362949,29.64437460899353
1000,Timing1,EconomicGNN_GRU,gru,0.5460235640648011,0.0,0.6132999658584595,0.36819344758987427,0.03003754693362949,15.161417961120605
1000,Timing1,EconomicGNN_CNN,cnn,0.56480117820324,0.1111111111111111,0.5460813641548157,0.29459694027900696,0.03003754693362949,11.99747610092163
1000,Timing1,HybridGNN_LSTM,lstm,0.5397643593519882,0.06060606060606061,0.6190345883369446,0.37487003207206726,0.03003754693362949,22.423949003219604
1000,Timing1,WeightedGAT_LSTM,lstm,0.5662739322533137,0.08888888888888889,0.592975378036499,0.3449989855289459,0.03003754693362949,48.721548080444336
1000,Timing2,EconomicGNN_LSTM,lstm,0.5,0.0,0.5,0.0,0.050062578222715814,18.330888032913208
1000,Timing2,EconomicGNN_GRU,gru,0.545933014354067,0.12,0.5871258974075317,0.33510974049568176,0.050062578222715814,15.106436014175415
1000,Timing2,EconomicGNN_CNN,cnn,0.7880382775119618,0.22857142857142856,0.711467981338501,0.294821560382843,0.050062578222715814,19.78217601776123
1000,Timing2,HybridGNN_LSTM,lstm,0.5442583732057416,0.047619047619047616,0.5305596590042114,0.2781485915184021,0.050062578222715814,33.70908999443054
1000,Timing2,WeightedGAT_LSTM,lstm,0.5519138755980861,0.13333333333333333,0.5135276317596436,0.26218730211257935,0.050062578222715814,22.242196083068848
1000,Timing3,EconomicGNN_LSTM,lstm,0.6843434343434344,0.023255813953488372,0.24490827322006226,0.06508176773786545,0.0099999999999875,43.87684988975525
1000,Timing3,EconomicGNN_GRU,gru,0.8737373737373738,0.0,0.14581705629825592,0.028342699632048607,0.0099999999999875,16.82433295249939
1000,Timing3,EconomicGNN_CNN,cnn,0.638888888888889,0.0,0.1291431188583374,0.02387814037501812,0.0099999999999875,16.05003023147583
1000,Timing3,HybridGNN_LSTM,lstm,0.8345959595959596,0.0,0.5622920989990234,0.3149252235889435,0.0099999999999875,22.36498498916626
1000,Timing3,WeightedGAT_LSTM,lstm,0.6717171717171717,0.0,0.5606403350830078,0.3130432963371277,0.0099999999999875,33.46597599983215
1000,Timing4,EconomicGNN_LSTM,lstm,0.6793078055964654,0.09090909090909091,0.6056819558143616,0.35948774218559265,0.033792240300333176,40.030317068099976
1000,Timing4,EconomicGNN_GRU,gru,0.5784241531664212,0.06451612903225806,0.5732313394546509,0.32348138093948364,0.033792240300333176,31.713759183883667
1000,Timing4,EconomicGNN_CNN,cnn,0.760677466863034,0.18181818181818182,0.5606127977371216,0.309931218624115,0.033792240300333176,10.6528000831604
1000,Timing4,HybridGNN_LSTM,lstm,0.735640648011782,0.0,0.48921141028404236,0.2400643676519394,0.033792240300333176,22.440120697021484
1000,Timing4,WeightedGAT_LSTM,lstm,0.7724594992636229,0.12121212121212122,0.585615873336792,0.33682987093925476,0.033792240300333176,33.27550411224365
2000,Order1,EconomicGNN_LSTM,lstm,0.6106380426960902,0.14736842105263157,0.581587016582489,0.32929113507270813,0.05378361475919088,80.52341413497925
2000,Order1,EconomicGNN_GRU,gru,0.5762772847205564,0.16393442622950818,0.5832851529121399,0.3310207426548004,0.05378361475919088,33.173810720443726
2000,Order1,EconomicGNN_CNN,cnn,0.7506596306068601,0.20437956204379562,0.6626293659210205,0.3673151135444641,0.05378361475919088,39.55913496017456
2000,Order1,HybridGNN_LSTM,lstm,0.6109378747901175,0.16216216216216217,0.5823458433151245,0.33009102940559387,0.05378361475919088,97.07005596160889
2000,Order1,WeightedGAT_LSTM,lstm,0.5762772847205565,0.13793103448275862,0.5985322594642639,0.34738752245903015,0.05378361475919088,52.30324578285217
2000,Order2,EconomicGNN_LSTM,lstm,0.5752961082910321,0.03225806451612903,0.48549944162368774,0.23611454665660858,0.014999999999990625,44.76204323768616
2000,Order2,EconomicGNN_GRU,gru,0.5854483925549916,0.05,0.572982907295227,0.32600265741348267,0.014999999999990625,25.42040777206421
2000,Order2,EconomicGNN_CNN,cnn,0.5,0.0,0.5,0.0,0.014999999999990625,13.243222951889038
2000,Order2,HybridGNN_LSTM,lstm,0.5871404399323181,0.0,0.5361241102218628,0.2863377332687378,0.014999999999990625,45.02745699882507
2000,Order2,WeightedGAT_LSTM,lstm,0.5501269035532995,0.0,0.5712234377861023,0.3241594731807709,0.014999999999990625,111.90257787704468
2000,Order3,EconomicGNN_LSTM,lstm,0.5,0.0,0.5,0.0,0.002501563477171669,36.91279578208923
2000,Order3,EconomicGNN_GRU,gru,0.5651629072681704,0.0,0.02588023617863655,0.005399031098932028,0.002501563477171669,42.56051993370056
2000,Order3,EconomicGNN_CNN,cnn,0.8596491228070176,0.0,0.018607759848237038,0.005147038027644157,0.002501563477171669,29.058969736099243
2000,Order3,HybridGNN_LSTM,lstm,0.6823308270676691,0.0,0.004068043082952499,0.0049635013565421104,0.002501563477171669,53.82420992851257
2000,Order3,WeightedGAT_LSTM,lstm,0.543859649122807,0.0,0.01156594231724739,0.00500577874481678,0.002501563477171669,47.25877618789673
2000,Period1,EconomicGNN_LSTM,lstm,0.7132604970008569,0.14285714285714285,0.5628085732460022,0.3129933178424835,0.027517198248888357,118.47199296951294
2000,Period1,EconomicGNN_GRU,gru,0.632604970008569,0.13043478260869565,0.5718173980712891,0.32263922691345215,0.027517198248888357,32.49819874763489
2000,Period1,EconomicGNN_CNN,cnn,0.6041131105398458,0.0784313725490196,0.7252306342124939,0.24481426179409027,0.027517198248888357,37.28064680099487
2000,Period1,HybridGNN_LSTM,lstm,0.5529134532990575,0.0,0.5486078262329102,0.2980518937110901,0.027517198248888357,60.25018906593323
2000,Period1,WeightedGAT_LSTM,lstm,0.721936589545844,0.1,0.5667300224304199,0.31715312600135803,0.027517198248888357,113.48498606681824
2000,Period2,EconomicGNN_LSTM,lstm,0.686969361387966,0.11320754716981132,0.5940104126930237,0.3462705612182617,0.03314571607252461,44.62402009963989
2000,Period2,EconomicGNN_GRU,gru,0.6710963455149501,0.11320754716981132,0.5998207926750183,0.3527902066707611,0.03314571607252461,63.10926103591919
2000,Period2,EconomicGNN_CNN,cnn,0.7838685861941675,0.17647058823529413,0.7193554043769836,0.3349550664424896,0.03314571607252461,39.241753816604614
2000,Period2,HybridGNN_LSTM,lstm,0.7945736434108527,0.0,0.6120811700820923,0.3668171167373657,0.03314571607252461,75.10251021385193
2000,Period2,WeightedGAT_LSTM,lstm,0.6670358065706903,0.13043478260869565,0.6743919849395752,0.39161571860313416,0.03314571607252461,82.37000393867493
2000,Period3,EconomicGNN_LSTM,lstm,0.6968174204355108,0.02040816326530612,0.05129118636250496,0.009344624355435371,0.005003126954343338,73.66949725151062
2000,Period3,EconomicGNN_GRU,gru,0.7855946398659965,0.030303030303030304,0.012793036177754402,0.007453508209437132,0.005003126954343338,29.453112840652466
2000,Period3,EconomicGNN_CNN,cnn,0.8333333333333334,0.0,0.040623877197504044,0.008517981506884098,0.005003126954343338,26.31165385246277
2000,Period3,HybridGNN_LSTM,lstm,0.9472361809045226,0.4,0.05071267485618591,0.009294255636632442,0.005003126954343338,67.80346298217773
2000,Period3,WeightedGAT_LSTM,lstm,0.5,0.0,0.5,0.0,0.005003126954343338,37.46934199333191
2000,Period4,EconomicGNN_LSTM,lstm,0.8972222222222221,0.15384615384615385,0.6013098955154419,0.3590385317802429,0.01125703564727251,67.10784125328064
2000,Period4,EconomicGNN_GRU,gru,0.806060606060606,0.08695652173913043,0.235622376203537,0.06209493800997734,0.01125703564727251,25.362181186676025
2000,Period4,EconomicGNN_CNN,cnn,0.6171717171717173,0.022727272727272728,0.5860416293144226,0.3390241265296936,0.01125703564727251,18.45685386657715
2000,Period4,HybridGNN_LSTM,lstm,0.7752525252525253,0.04819277108433735,0.4854928255081177,0.23606497049331665,0.01125703564727251,75.8413450717926
2000,Period4,WeightedGAT_LSTM,lstm,0.8565656565656565,0.0,0.5532903671264648,0.2789510190486908,0.01125703564727251,89.2901360988617
2000,Repeats1,EconomicGNN_LSTM,lstm,0.5590425531914893,0.15476190476190477,0.6332671046257019,0.38440534472465515,0.06066291432141297,58.742719888687134
2000,Repeats1,EconomicGNN_GRU,gru,0.5648404255319149,0.1702127659574468,0.6647337675094604,0.4213177561759949,0.06066291432141297,42.82740116119385
2000,Repeats1,EconomicGNN_CNN,cnn,0.9988297872340426,0.9411764705882353,0.45089784264564514,0.004046205896884203,0.06066291432141297,38.6433482170105
2000,Repeats1,HybridGNN_LSTM,lstm,0.5,0.0,0.5,0.0,0.06066291432141297,37.71698617935181
2000,Repeats1,WeightedGAT_LSTM,lstm,0.5570744680851064,0.13100436681222707,0.5954225063323975,0.34262996912002563,0.06066291432141297,111.86757206916809
2000,Repeats2,EconomicGNN_LSTM,lstm,0.6281407035175879,0.018691588785046728,0.08054538071155548,0.012763229198753834,0.006253908692929172,44.55117201805115
2000,Repeats2,EconomicGNN_GRU,gru,0.6637353433835845,0.017699115044247787,0.08166974782943726,0.012925288639962673,0.006253908692929172,26.09440803527832
2000,Repeats2,EconomicGNN_CNN,cnn,0.9363484087102177,0.3333333333333333,0.11872466653585434,0.019746841862797737,0.006253908692929172,23.934701204299927
2000,Repeats2,HybridGNN_LSTM,lstm,0.664572864321608,0.01818181818181818,0.024183331057429314,0.00770428404211998,0.006253908692929172,83.40153288841248
2000,Repeats2,WeightedGAT_LSTM,lstm,0.6809045226130653,0.0,2.775244320218917e-05,0.007480908650904894,0.006253908692929172,52.272666931152344
2000,Repeats3,EconomicGNN_LSTM,lstm,0.8197236180904522,0.0,0.04675078019499779,0.006717766635119915,0.004999999999996875,54.366188049316406
2000,Repeats3,EconomicGNN_GRU,gru,0.7135678391959799,0.014388489208633094,0.09455227851867676,0.012994290329515934,0.004999999999996875,47.205262184143066
2000,Repeats3,EconomicGNN_CNN,cnn,0.7638190954773869,0.016129032258064516,0.07745818048715591,0.010178115218877792,0.004999999999996875,29.07626700401306
2000,Repeats3,HybridGNN_LSTM,lstm,0.6482412060301507,0.012269938650306749,0.16805262863636017,0.03156106546521187,0.004999999999996875,45.805931091308594
2000,Repeats3,WeightedGAT_LSTM,lstm,0.6086683417085428,0.010256410256410256,0.02744700014591217,0.005478756036609411,0.004999999999996875,111.25902223587036
2000,Timing1,EconomicGNN_LSTM,lstm,0.6343829516539441,0.045454545454545456,0.5516015291213989,0.30218446254730225,0.019387116948080433,66.30308103561401
2000,Timing1,EconomicGNN_GRU,gru,0.6143447837150128,0.0,0.5432797074317932,0.2933376729488373,0.019387116948080433,34.465752840042114
2000,Timing1,EconomicGNN_CNN,cnn,0.6148218829516539,0.09090909090909091,0.6170579791069031,0.3718441426753998,0.019387116948080433,18.537214994430542
2000,Timing1,HybridGNN_LSTM,lstm,0.6859096692111959,0.0,0.5463287234306335,0.29662641882896423,0.019387116948080433,104.75764489173889
2000,Timing1,WeightedGAT_LSTM,lstm,0.5,0.0,0.5,0.0,0.019387116948080433,37.235453844070435
2000,Timing2,EconomicGNN_LSTM,lstm,0.5884711779448621,0.1487603305785124,0.6502470374107361,0.40707921981811523,0.05190744215131213,51.91471600532532
2000,Timing2,EconomicGNN_GRU,gru,0.5758145363408521,0.09523809523809523,0.6120611429214478,0.362861692905426,0.05190744215131213,30.266691207885742
2000,Timing2,EconomicGNN_CNN,cnn,0.780827067669173,0.27906976744186046,0.8312188386917114,0.12019433081150055,0.05190744215131213,39.54944205284119
2000,Timing2,HybridGNN_LSTM,lstm,0.5718045112781954,0.1,0.5921372175216675,0.34097617864608765,0.05190744215131213,82.19941520690918
2000,Timing2,WeightedGAT_LSTM,lstm,0.6107769423558898,0.21621621621621623,0.6453551054000854,0.391792893409729,0.05190744215131213,67.70444297790527
2000,Timing3,EconomicGNN_LSTM,lstm,0.6292301184433164,0.058823529411764705,0.6170310974121094,0.3768375515937805,0.014999999999990625,43.87532591819763
2000,Timing3,EconomicGNN_GRU,gru,0.6831641285956007,0.0,0.47025060653686523,0.2220068871974945,0.014999999999990625,25.51245880126953
2000,Timing3,EconomicGNN_CNN,cnn,0.8917089678510998,0.4,0.3894246220588684,0.035161472856998444,0.014999999999990625,32.16099786758423
2000,Timing3,HybridGNN_LSTM,lstm,0.7216582064297801,0.0,0.5649958252906799,0.3172702491283417,0.014999999999990625,112.22301077842712
2000,Timing3,WeightedGAT_LSTM,lstm,0.7030456852791878,0.0,0.6293914318084717,0.3823886215686798,0.014999999999990625,52.66158103942871
2000,Timing4,EconomicGNN_LSTM,lstm,0.6446272799365583,0.09090909090909091,0.5856480002403259,0.3374287486076355,0.03189493433393878,111.7016429901123
2000,Timing4,EconomicGNN_GRU,gru,0.7519825535289452,0.14814814814814814,0.5278263092041016,0.27675411105155945,0.03189493433393878,51.17515707015991
2000,Timing4,EconomicGNN_CNN,cnn,0.7494052339413165,0.2127659574468085,0.775572657585144,0.16138654947280884,0.03189493433393878,39.160828828811646
2000,Timing4,HybridGNN_LSTM,lstm,0.6242069785884218,0.07692307692307693,0.5792136788368225,0.33034953474998474,0.03189493433393878,67.29781293869019
2000,Timing4,WeightedGAT_LSTM,lstm,0.8057097541633624,0.2222222222222222,0.5978779792785645,0.34994545578956604,0.03189493433393878,96.54099488258362
5000,Order1,EconomicGNN_LSTM,lstm,0.6048090815273477,0.125,0.5959081053733826,0.3453332483768463,0.05076269067265547,185.87035012245178
5000,Order1,EconomicGNN_GRU,gru,0.5664602683178535,0.1323529411764706,0.5718019008636475,0.3196284770965576,0.05076269067265547,72.44492793083191
5000,Order1,EconomicGNN_CNN,cnn,0.7755417956656346,0.25165562913907286,0.874777615070343,0.4707935154438019,0.05076269067265547,84.37050485610962
5000,Order1,HybridGNN_LSTM,lstm,0.5,0.0,0.5,0.0,0.05076269067265547,96.33907103538513
5000,Order1,WeightedGAT_LSTM,lstm,0.6309184726522188,0.13903743315508021,0.5547680258750916,0.30217963457107544,0.05076269067265547,111.45804405212402
5000,Order2,EconomicGNN_LSTM,lstm,0.6811043566362716,0.04878048780487805,0.5219436287879944,0.27181121706962585,0.013753438359586458,1496.4263050556183
5000,Order2,EconomicGNN_GRU,gru,0.6910551454624403,0.0851063829787234,0.582746684551239,0.33725109696388245,0.013753438359586458,83.32106232643127
5000,Order2,EconomicGNN_CNN,cnn,0.6779562888985382,0.10526315789473684,0.5553376078605652,0.26192405819892883,0.013753438359586458,97.02139067649841
5000,Order2,HybridGNN_LSTM,lstm,0.6316398899985526,0.0,0.5575233101844788,0.30922311544418335,0.013753438359586458,147.13534832000732
5000,Order2,WeightedGAT_LSTM,lstm,0.5701259227095093,0.03864734299516908,0.5340484976768494,0.2841525077819824,0.013753438359586458,111.77844095230103
5000,Order3,EconomicGNN_LSTM,lstm,0.6439317953861585,0.008658008658008658,0.02868209220468998,0.00458938954398036,0.0030007501875461366,107.09769296646118
5000,Order3,EconomicGNN_GRU,gru,0.7056168505516549,0.01652892561983471,0.039617396891117096,0.005248127970844507,0.0030007501875461366,165.83398914337158
5000,Order3,EconomicGNN_CNN,cnn,0.9094784353059179,0.0392156862745098,0.043066080659627914,0.0054998258128762245,0.0030007501875461366,943.8605239391327
5000,Order3,HybridGNN_LSTM,lstm,0.6622367101303912,0.011363636363636364,0.020473666489124298,0.004251457285135984,0.0030007501875461366,1007.2968640327454
5000,Order3,WeightedGAT_LSTM,lstm,0.5,0.0,0.5,0.0,0.0030007501875461366,88.4052062034607
5000,Period1,EconomicGNN_LSTM,lstm,0.5685764694957749,0.046153846153846156,0.5747349858283997,0.3270323574542999,0.021255313828451798,1024.1848638057709
5000,Period1,EconomicGNN_GRU,gru,0.5727319156839075,0.0,0.5909855365753174,0.34526440501213074,0.021255313828451798,1051.911365032196
5000,Period1,EconomicGNN_CNN,cnn,0.67991456959792,0.1,0.5520526766777039,0.2689964473247528,0.021255313828451798,103.56397700309753
5000,Period1,HybridGNN_LSTM,lstm,0.5436205775838054,0.02564102564102564,0.5791244506835938,0.3319070041179657,0.021255313828451798,175.29501509666443
5000,Period1,WeightedGAT_LSTM,lstm,0.5675085894697743,0.0,0.5592635869979858,0.3101419508457184,0.021255313828451798,110.7015528678894
5000,Period2,EconomicGNN_LSTM,lstm,0.779635847107438,0.19318181818181818,0.5681930184364319,0.31847861409187317,0.031999999999992,185.13748407363892
5000,Period2,EconomicGNN_GRU,gru,0.7245125258264463,0.10526315789473684,0.5765377283096313,0.3274969458580017,0.031999999999992,121.11277389526367
5000,Period2,EconomicGNN_CNN,cnn,0.7893853305785125,0.2647058823529412,0.650006115436554,0.12966354191303253,0.031999999999992,99.57097601890564
5000,Period2,HybridGNN_LSTM,lstm,0.6380262138429753,0.10655737704918032,0.574396550655365,0.32516974210739136,0.031999999999992,131.3272728919983
5000,Period2,WeightedGAT_LSTM,lstm,0.6444828254132231,0.07017543859649122,0.5937470197677612,0.34653550386428833,0.031999999999992,257.3728189468384
5000,Period3,EconomicGNN_LSTM,lstm,0.8628140703517588,0.0,0.04114743322134018,0.007193831726908684,0.005751437859463428,263.7789969444275
5000,Period3,EconomicGNN_GRU,gru,0.717252931323283,0.0,0.06825730949640274,0.009834087453782558,0.005751437859463428,135.6279001235962
5000,Period3,EconomicGNN_CNN,cnn,0.6195979899497488,0.02,0.06672482192516327,0.00964405108243227,0.005751437859463428,76.59122467041016
5000,Period3,HybridGNN_LSTM,lstm,0.572361809045226,0.01282051282051282,0.06798288971185684,0.009800697676837444,0.005751437859463428,249.2090060710907
5000,Period3,WeightedGAT_LSTM,lstm,0.7941373534338358,0.0,0.11383841186761856,0.016634004190564156,0.005751437859463428,235.83717226982117
5000,Period4,EconomicGNN_LSTM,lstm,0.8181251946434133,0.0,0.5376984477043152,0.28814032673835754,0.01275318829707108,206.9910078048706
5000,Period4,EconomicGNN_GRU,gru,0.7874104640298972,0.14634146341463414,0.509527862071991,0.2593670189380646,0.01275318829707108,70.41335821151733
5000,Period4,EconomicGNN_CNN,cnn,0.5,0.0,0.5,0.0,0.01275318829707108,38.98224687576294
5000,Period4,HybridGNN_LSTM,lstm,0.5,0.0,0.5,0.0,0.01275318829707108,102.62015175819397
5000,Period4,WeightedGAT_LSTM,lstm,0.540369043911554,0.03409090909090909,0.5427582859992981,0.29347607493400574,0.01275318829707108,123.29106307029724
5000,Repeats1,EconomicGNN_LSTM,lstm,0.5851111340135353,0.14965986394557823,0.6225902438163757,0.3724319040775299,0.06126531632906695,141.9834761619568
5000,Repeats1,EconomicGNN_GRU,gru,0.5784207633377991,0.13744075829383887,0.5777645111083984,0.3241780400276184,0.06126531632906695,115.22548174858093
5000,Repeats1,EconomicGNN_CNN,cnn,1.0,0.991869918699187,0.9988163709640503,0.0018061187583953142,0.06126531632906695,113.84453105926514
5000,Repeats1,HybridGNN_LSTM,lstm,0.5463859974578309,0.0,0.5846642255783081,0.3313443064689636,0.06126531632906695,208.5878300666809
5000,Repeats1,WeightedGAT_LSTM,lstm,0.5,0.0,0.5,0.0,0.06126531632906695,103.02578210830688
5000,Repeats2,EconomicGNN_LSTM,lstm,0.708961474036851,0.02040816326530612,0.0726165845990181,0.010395492427051067,0.005001250312576894,121.75272870063782
5000,Repeats2,EconomicGNN_GRU,gru,0.5,0.0,0.5,0.0,0.005001250312576894,57.241636991500854
5000,Repeats2,EconomicGNN_CNN,cnn,0.9026800670016749,0.23529411764705882,0.11315438151359558,0.01739170216023922,0.005001250312576894,60.707945108413696
5000,Repeats2,HybridGNN_LSTM,lstm,0.6268006700167504,0.013816925734024179,0.02353479713201523,0.006265758071094751,0.005001250312576894,145.3099639415741
5000,Repeats2,WeightedGAT_LSTM,lstm,0.6737018425460637,0.0,0.41745632886886597,0.1752527356147766,0.005001250312576894,123.9968810081482
5000,Repeats3,EconomicGNN_LSTM,lstm,0.6203815261044177,0.010582010582010581,0.09638551622629166,0.013321303762495518,0.004501125281319205,166.42192888259888
5000,Repeats3,EconomicGNN_GRU,gru,0.5801204819277108,0.0,0.058739371597766876,0.007858501747250557,0.004501125281319205,171.1547772884369
5000,Repeats3,EconomicGNN_CNN,cnn,0.751004016064257,0.02197802197802198,0.06700050830841064,0.008814273402094841,0.004501125281319205,82.86076879501343
5000,Repeats3,HybridGNN_LSTM,lstm,0.5933734939759037,0.0,0.007587413769215345,0.004976775962859392,0.004501125281319205,245.18697714805603
5000,Repeats3,WeightedGAT_LSTM,lstm,0.5,0.0,0.5,0.0,0.004501125281319205,100.92079997062683
5000,Timing1,EconomicGNN_LSTM,lstm,0.5999491353001017,0.06153846153846154,0.5748493671417236,0.3277583718299866,0.017504376094019128,197.4160771369934
5000,Timing1,EconomicGNN_GRU,gru,0.645473041709054,0.12307692307692308,0.5927890539169312,0.3480595052242279,0.017504376094019128,78.26105523109436
5000,Timing1,EconomicGNN_CNN,cnn,0.5005086469989828,0.0,0.5893133282661438,0.3440781235694885,0.017504376094019128,69.51924705505371
5000,Timing1,HybridGNN_LSTM,lstm,0.5,0.0,0.5,0.0,0.017504376094019128,100.7670648097992
5000,Timing1,WeightedGAT_LSTM,lstm,0.5933084661467164,0.0,0.5767229795455933,0.32984721660614014,0.017504376094019128,140.8335120677948
5000,Timing2,EconomicGNN_LSTM,lstm,0.5875121713729309,0.14634146341463414,0.5498542785644531,0.2971494495868683,0.051999999999987,201.08123898506165
5000,Timing2,EconomicGNN_GRU,gru,0.5,0.0,0.5,0.0,0.051999999999987,56.89069199562073
5000,Timing2,EconomicGNN_CNN,cnn,0.9116966893865629,0.42038216560509556,0.91230309009552,0.26742857694625854,0.051999999999987,111.66830635070801
5000,Timing2,HybridGNN_LSTM,lstm,0.6266329925348912,0.1318051575931232,0.5548604130744934,0.3021642565727234,0.051999999999987,144.16523218154907
5000,Timing2,WeightedGAT_LSTM,lstm,0.623722005842259,0.15466666666666667,0.5782768130302429,0.3257353603839874,0.051999999999987,141.9141879081726
5000,Timing3,EconomicGNN_LSTM,lstm,0.707061663033323,0.048,0.5548286437988281,0.30641067028045654,0.01275318829707108,220.6212248802185
5000,Timing3,EconomicGNN_GRU,gru,0.7256695733416381,0.04081632653061224,0.41715818643569946,0.17610488831996918,0.01275318829707108,69.13135814666748
5000,Timing3,EconomicGNN_CNN,cnn,0.7598878853939581,0.0547945205479452,0.5458636283874512,0.2965065836906433,0.01275318829707108,74.57820701599121
5000,Timing3,HybridGNN_LSTM,lstm,0.6811740890688259,0.05017921146953405,0.4464386999607086,0.20069749653339386,0.01275318829707108,120.66639685630798
5000,Timing3,WeightedGAT_LSTM,lstm,0.7236842105263158,0.07246376811594203,0.5541411638259888,0.30564984679222107,0.01275318829707108,162.3996410369873
5000,Timing4,EconomicGNN_LSTM,lstm,0.6376655152561889,0.10256410256410256,0.5882440805435181,0.3396838307380676,0.035008752188038256,221.5732400417328
5000,Timing4,EconomicGNN_GRU,gru,0.6860391479562463,0.15053763440860216,0.5903550386428833,0.34201309084892273,0.035008752188038256,101.86439800262451
5000,Timing4,EconomicGNN_CNN,cnn,0.8996257915947035,0.34210526315789475,0.9176931381225586,0.15264245867729187,0.035008752188038256,619.6800301074982
5000,Timing4,HybridGNN_LSTM,lstm,0.6497265400115141,0.10612244897959183,0.5632455945014954,0.3126961588859558,0.035008752188038256,437.0157120227814
5000,Timing4,WeightedGAT_LSTM,lstm,0.6637017846862406,0.05128205128205128,0.5870906114578247,0.3384110927581787,0.035008752188038256,336.9300899505615
10000,Order1,EconomicGNN_LSTM,lstm,0.5702444864592532,0.09395973154362416,0.618135929107666,0.3706328272819519,0.04849999999999394,341.55087208747864
10000,Order1,EconomicGNN_GRU,gru,0.5953621790878211,0.11853448275862069,0.588472306728363,0.3377175033092499,0.04849999999999394,177.944885969162
10000,Order1,EconomicGNN_CNN,cnn,0.7453044839672573,0.21107266435986158,0.6180757880210876,0.22615505754947662,0.04849999999999394,209.58306097984314
10000,Order1,HybridGNN_LSTM,lstm,0.5,0.0,0.5,0.0,0.04849999999999394,200.0788869857788
10000,Order1,WeightedGAT_LSTM,lstm,0.5177581788927954,0.0,0.6038104295730591,0.3545173704624176,0.04849999999999394,484.09751892089844
10000,Order2,EconomicGNN_LSTM,lstm,0.52928957664747,0.02040816326530612,0.2782406508922577,0.08251485228538513,0.011251406425801818,279.018972158432
10000,Order2,EconomicGNN_GRU,gru,0.603343298017321,0.044444444444444446,0.5060964226722717,0.2559894919395447,0.011251406425801818,146.98089385032654
10000,Order2,EconomicGNN_CNN,cnn,0.6392271508330769,0.038338658146964855,0.5268810987472534,0.2769143879413605,0.011251406425801818,88.63572406768799
10000,Order2,HybridGNN_LSTM,lstm,0.5353892821031344,0.0,0.5044174790382385,0.2543354034423828,0.011251406425801818,245.39450097084045
10000,Order2,WeightedGAT_LSTM,lstm,0.5508858310986064,0.0,0.5209876894950867,0.27094539999961853,0.011251406425801818,226.12403297424316
10000,Order3,EconomicGNN_LSTM,lstm,0.6181704260651629,0.0,0.021250402554869652,0.0033226399682462215,0.002750343792973778,333.49733090400696
10000,Order3,EconomicGNN_GRU,gru,0.7484126984126984,0.011904761904761904,0.03817472979426384,0.004226875491440296,0.002750343792973778,267.33801317214966
10000,Order3,EconomicGNN_CNN,cnn,0.5493734335839598,0.0,0.00677725113928318,0.003003765596076846,0.002750343792973778,151.43570685386658
10000,Order3,HybridGNN_LSTM,lstm,0.7894736842105263,0.0,0.014818409457802773,0.0031291567720472813,0.002750343792973778,242.66792607307434
10000,Order3,WeightedGAT_LSTM,lstm,0.6825396825396826,0.0,0.027047066017985344,0.0035674935206770897,0.002750343792973778,493.1712589263916
10000,Period1,EconomicGNN_LSTM,lstm,0.52773572961964,0.0,0.5317113399505615,0.2815430164337158,0.01837729716214297,296.5693860054016
10000,Period1,EconomicGNN_GRU,gru,0.6078122419772115,0.0,0.5510116815567017,0.30172690749168396,0.01837729716214297,241.0307641029358
10000,Period1,EconomicGNN_CNN,cnn,0.5846314746518413,0.043478260869565216,0.5699561834335327,0.32176995277404785,0.01837729716214297,103.13538813591003
10000,Period1,HybridGNN_LSTM,lstm,0.5,0.0,0.5,0.0,0.01837729716214297,205.03677582740784
10000,Period1,WeightedGAT_LSTM,lstm,0.6571461991523091,0.05454545454545454,0.622484564781189,0.3828859031200409,0.01837729716214297,264.50375509262085
10000,Period2,EconomicGNN_LSTM,lstm,0.6522901851351757,0.12398921832884097,0.5791112184524536,0.3299085795879364,0.03412926615826552,224.51878380775452
10000,Period2,EconomicGNN_GRU,gru,0.7409270261349656,0.23030303030303031,0.6045101284980774,0.3582207262516022,0.03412926615826552,148.09768962860107
10000,Period2,EconomicGNN_CNN,cnn,0.6809193746811895,0.12605042016806722,0.6513363718986511,0.3416222929954529,0.03412926615826552,132.89508199691772
10000,Period2,HybridGNN_LSTM,lstm,0.5,0.0,0.5,0.0,0.03412926615826552,188.64554476737976
10000,Period2,WeightedGAT_LSTM,lstm,0.6280118222462268,0.11724137931034483,0.5707362294197083,0.32083067297935486,0.03412926615826552,232.69185614585876
10000,Period3,EconomicGNN_LSTM,lstm,0.6691361125062782,0.0,0.08833490312099457,0.011917617172002792,0.0048756094511807875,421.0686240196228
10000,Period3,EconomicGNN_GRU,gru,0.7727021597187343,0.0,0.03645328804850578,0.005961989983916283,0.0048756094511807875,224.88559103012085
10000,Period3,EconomicGNN_CNN,cnn,0.7620040180813662,0.03278688524590164,0.025106949731707573,0.005376893095672131,0.0048756094511807875,182.85555624961853
10000,Period3,HybridGNN_LSTM,lstm,0.6898543445504771,0.01834862385321101,0.04736637696623802,0.006767647340893745,0.0048756094511807875,297.1123950481415
10000,Period3,WeightedGAT_LSTM,lstm,0.8405323957810145,0.07692307692307693,0.015343144536018372,0.005079479422420263,0.0048756094511807875,425.89856934547424
10000,Period4,EconomicGNN_LSTM,lstm,0.7749373543764013,0.08,0.3746137320995331,0.14321686327457428,0.011251406425801818,291.42062306404114
10000,Period4,EconomicGNN_GRU,gru,0.5342352837736845,0.020512820512820513,0.5495558381080627,0.3008723258972168,0.011251406425801818,171.1190550327301
10000,Period4,EconomicGNN_CNN,cnn,0.5,0.0,0.5,0.0,0.011251406425801818,73.77233481407166
10000,Period4,HybridGNN_LSTM,lstm,0.5,0.0,0.5,0.0,0.011251406425801818,236.8842751979828
10000,Period4,WeightedGAT_LSTM,lstm,0.6896184112190619,0.0,0.5331451296806335,0.2834616005420685,0.011251406425801818,236.75539183616638
10000,Repeats1,EconomicGNN_LSTM,lstm,0.5375307719359943,0.07650273224043716,0.5960458517074585,0.34365490078926086,0.06013251656456305,438.70231914520264
10000,Repeats1,EconomicGNN_GRU,gru,0.5377439774925268,0.11152416356877323,0.5807378888130188,0.327491819858551,0.06013251656456305,210.0885512828827
10000,Repeats1,EconomicGNN_CNN,cnn,1.0,0.995850622406639,0.9974349141120911,0.0010482104262337089,0.06013251656456305,167.71926403045654
10000,Repeats1,HybridGNN_LSTM,lstm,0.5167751011077897,0.0,0.6048970818519592,0.3532142639160156,0.06013251656456305,284.83667492866516
10000,Repeats1,WeightedGAT_LSTM,lstm,0.5,0.0,0.5,0.0,0.06013251656456305,223.7544229030609
10000,Repeats2,EconomicGNN_LSTM,lstm,0.5864264134656884,0.018108651911468814,0.06535287946462631,0.010356059297919273,0.006999999999999125,421.61120796203613
10000,Repeats2,EconomicGNN_GRU,gru,0.619497194648252,0.029556650246305417,0.07444866001605988,0.011500239372253418,0.006999999999999125,234.8901870250702
10000,Repeats2,EconomicGNN_CNN,cnn,0.6269601496187599,0.019417475728155338,0.15919578075408936,0.030112676322460175,0.006999999999999125,166086.80178713799
10000,Repeats2,HybridGNN_LSTM,lstm,0.6482160840166883,0.0,0.07086775451898575,0.011030086316168308,0.006999999999999125,420.3669571876526
10000,Repeats2,WeightedGAT_LSTM,lstm,0.6935153215364696,0.0,0.4568980634212494,0.20935901999473572,0.006999999999999125,232.1125340461731
10000,Repeats3,EconomicGNN_LSTM,lstm,0.7441754225673822,0.0,0.041445277631282806,0.006759284995496273,0.005250656332040848,295.23029828071594
10000,Repeats3,EconomicGNN_GRU,gru,0.5928277752398355,0.019417475728155338,0.08856557309627533,0.012366687878966331,0.005250656332040848,138.5510220527649
10000,Repeats3,EconomicGNN_CNN,cnn,0.8445865692096848,0.0,0.06676530838012695,0.009218082763254642,0.005250656332040848,98.04899716377258
10000,Repeats3,HybridGNN_LSTM,lstm,0.5485153037916857,0.012448132780082987,0.005980559624731541,0.005467264913022518,0.005250656332040848,300.3360002040863
10000,Repeats3,WeightedGAT_LSTM,lstm,0.6535404294198264,0.0,0.13285261392593384,0.021684560924768448,0.005250656332040848,434.7067708969116
10000,Timing1,EconomicGNN_LSTM,lstm,0.5799655787863335,0.04081632653061224,0.5162026882171631,0.26581668853759766,0.019877484685583213,222.03128385543823
10000,Timing1,EconomicGNN_GRU,gru,0.5894314125446201,0.05952380952380952,0.5973799228668213,0.35296016931533813,0.019877484685583213,192.37308287620544
10000,Timing1,EconomicGNN_CNN,cnn,0.6930265170831208,0.15384615384615385,0.7959453463554382,0.17181262373924255,0.019877484685583213,200.0214650630951
10000,Timing1,HybridGNN_LSTM,lstm,0.5,0.0,0.5,0.0,0.019877484685583213,187.45271277427673
10000,Timing1,WeightedGAT_LSTM,lstm,0.5765170831208567,0.06086956521739131,0.5667305588722229,0.3185057044029236,0.019877484685583213,266.06043004989624
10000,Timing2,EconomicGNN_LSTM,lstm,0.6375551200391965,0.16366612111292964,0.5752286911010742,0.32208892703056335,0.05800725090635604,262.9751811027527
10000,Timing2,EconomicGNN_GRU,gru,0.5777895730125029,0.15072463768115943,0.5368863344192505,0.2838909924030304,0.05800725090635604,126.82301497459412
10000,Timing2,EconomicGNN_CNN,cnn,0.9011718112036583,0.4472843450479233,0.8670222759246826,0.1410873830318451,0.05800725090635604,220.96732306480408
10000,Timing2,HybridGNN_LSTM,lstm,0.5987487977933837,0.12648221343873517,0.6001831889152527,0.34850385785102844,0.05800725090635604,237.2259509563446
10000,Timing2,WeightedGAT_LSTM,lstm,0.6999609849928321,0.19858156028368795,0.6831870079040527,0.42340388894081116,0.05800725090635604,315.3495411872864
10000,Timing3,EconomicGNN_LSTM,lstm,0.6139629990262901,0.036072144288577156,0.6660807728767395,0.4393472671508789,0.012501562695335354,360.81289196014404
10000,Timing3,EconomicGNN_GRU,gru,0.5311976630963973,0.056338028169014086,0.5220817923545837,0.27199509739875793,0.012501562695335354,135.2818751335144
10000,Timing3,EconomicGNN_CNN,cnn,0.7251217137293087,0.06349206349206349,0.28110557794570923,0.0354265458881855,0.012501562695335354,211.01535487174988
10000,Timing3,HybridGNN_LSTM,lstm,0.5,0.0,0.5,0.0,0.012501562695335354,198.98438000679016
10000,Timing3,WeightedGAT_LSTM,lstm,0.5925608568646543,0.0,0.567847728729248,0.3206876218318939,0.012501562695335354,371.2030200958252
10000,Timing4,EconomicGNN_LSTM,lstm,0.6166078899524676,0.10666666666666667,0.5920360088348389,0.34397092461586,0.03549999999999556,263.78548407554626
10000,Timing4,EconomicGNN_GRU,gru,0.615987266262166,0.11003236245954692,0.5446884036064148,0.29346704483032227,0.03549999999999556,142.00058889389038
10000,Timing4,EconomicGNN_CNN,cnn,0.5,0.0,0.5,0.0,0.03549999999999556,87.48878884315491
10000,Timing4,HybridGNN_LSTM,lstm,0.6341824925707693,0.10232558139534884,0.66559898853302,0.43126410245895386,0.03549999999999556,255.00529599189758
10000,Timing4,WeightedGAT_LSTM,lstm,0.6924079469038179,0.13215859030837004,0.5587822198867798,0.3079780042171478,0.03549999999999556,230.18464422225952
