Model,Rule,Node,Importance
WeightedGAT_LSTM,Period1,sex,0.05311
WeightedGAT_LSTM,Period1,ethnicity,0.05217
WeightedGAT_LSTM,Period1,marriage,0.0
WeightedGAT_LSTM,Period1,education,0.05164
WeightedGAT_LSTM,Period1,class,0.0477
WeightedGAT_LSTM,Period1,admissions,0.16825
WeightedGAT_LSTM,Period1,admissions2,0.26262
WeightedGAT_LSTM,Period1,admissions3,0.20586
WeightedGAT_LSTM,Period1,admissions4,0.15865
WeightedGAT_LSTM,Order1,sex,0.10909
WeightedGAT_LSTM,Order1,ethnicity,0.10909
WeightedGAT_LSTM,Order1,marriage,0.0
WeightedGAT_LSTM,Order1,education,0.10909
WeightedGAT_LSTM,Order1,class,0.10909
WeightedGAT_LSTM,Order1,admissions,0.10909
WeightedGAT_LSTM,Order1,admissions2,0.16364
WeightedGAT_LSTM,Order1,admissions3,0.14545
WeightedGAT_LSTM,Order1,admissions4,0.14545
