sample_size,display_label,source_model,display_mapping_status,observations,mean_auroc,mean_f1_score,mean_brier_score,rule_scope,excluded_raw_rules,source_file
500,PC-GNN,EconomicGNN_CNN,plot-script mapping; architecture broadly consistent,12,0.792593,0.373219,0.322063,final-paper-12,Period3|Timing4,final_model_comparison_metrics_V4_N500_1000_2000.csv
500,SPAN,WeightedGAT_LSTM,plot-script mapping; architecture strongly supported,12,0.705763,0.296504,0.364124,final-paper-12,Period3|Timing4,final_model_comparison_metrics_V4_N500_1000_2000.csv
500,ILGNet,SpatioTemporalGNN,plot-script mapping only; architectural identity unresolved,12,0.659262,0.227092,0.446561,final-paper-12,Period3|Timing4,final_model_comparison_metrics_V4_N500_1000_2000.csv
1000,PC-GNN,EconomicGNN_CNN,plot-script mapping; architecture broadly consistent,12,0.755469,0.391194,0.286627,final-paper-12,Period3|Timing4,final_model_comparison_metrics_V4_N500_1000_2000.csv
1000,SPAN,WeightedGAT_LSTM,plot-script mapping; architecture strongly supported,12,0.779814,0.422177,0.302526,final-paper-12,Period3|Timing4,final_model_comparison_metrics_V4_N500_1000_2000.csv
1000,ILGNet,SpatioTemporalGNN,plot-script mapping only; architectural identity unresolved,12,0.669364,0.178861,0.451079,final-paper-12,Period3|Timing4,final_model_comparison_metrics_V4_N500_1000_2000.csv
2000,PC-GNN,EconomicGNN_CNN,plot-script mapping; architecture broadly consistent,12,0.872854,0.497862,0.179706,final-paper-12,Period3|Timing4,final_model_comparison_metrics_V4_N500_1000_2000.csv
2000,SPAN,WeightedGAT_LSTM,plot-script mapping; architecture strongly supported,12,0.814896,0.501401,0.170148,final-paper-12,Period3|Timing4,final_model_comparison_metrics_V4_N500_1000_2000.csv
2000,ILGNet,SpatioTemporalGNN,plot-script mapping only; architectural identity unresolved,12,0.698667,0.375686,0.327087,final-paper-12,Period3|Timing4,final_model_comparison_metrics_V4_N500_1000_2000.csv
