sample_size,node,mean_importance,observations,rule_count,coverage,source_file
500,sex,0.117829,7,7,available-set-complete,node_importance_summary_N500.csv
500,ethnicity,0.119181,7,7,available-set-complete,node_importance_summary_N500.csv
500,marriage,0.000000,7,7,available-set-complete,node_importance_summary_N500.csv
500,education,0.115727,7,7,available-set-complete,node_importance_summary_N500.csv
500,class,0.117156,7,7,available-set-complete,node_importance_summary_N500.csv
500,admissions,0.109711,7,7,available-set-complete,node_importance_summary_N500.csv
500,admissions2,0.158520,7,7,available-set-complete,node_importance_summary_N500.csv
500,admissions3,0.127346,7,7,available-set-complete,node_importance_summary_N500.csv
500,admissions4,0.134530,7,7,available-set-complete,node_importance_summary_N500.csv
1000,sex,0.081100,2,2,partial,node_importance_summary_N1000.csv
1000,ethnicity,0.080630,2,2,partial,node_importance_summary_N1000.csv
1000,marriage,0.000000,2,2,partial,node_importance_summary_N1000.csv
1000,education,0.080365,2,2,partial,node_importance_summary_N1000.csv
1000,class,0.078395,2,2,partial,node_importance_summary_N1000.csv
1000,admissions,0.138670,2,2,partial,node_importance_summary_N1000.csv
1000,admissions2,0.213130,2,2,partial,node_importance_summary_N1000.csv
1000,admissions3,0.175655,2,2,partial,node_importance_summary_N1000.csv
1000,admissions4,0.152050,2,2,partial,node_importance_summary_N1000.csv
2000,sex,0.107346,7,7,available-set-complete,node_importance_summary_N2000.csv
2000,ethnicity,0.106679,7,7,available-set-complete,node_importance_summary_N2000.csv
2000,marriage,0.000000,7,7,available-set-complete,node_importance_summary_N2000.csv
2000,education,0.103280,7,7,available-set-complete,node_importance_summary_N2000.csv
2000,class,0.103147,7,7,available-set-complete,node_importance_summary_N2000.csv
2000,admissions,0.114467,7,7,available-set-complete,node_importance_summary_N2000.csv
2000,admissions2,0.170291,7,7,available-set-complete,node_importance_summary_N2000.csv
2000,admissions3,0.148396,7,7,available-set-complete,node_importance_summary_N2000.csv
2000,admissions4,0.146389,7,7,available-set-complete,node_importance_summary_N2000.csv
