N,Rule,Model,Temporal_Encoder,AUROC,F1_Score,Optimal_Threshold,Brier_Score,Pos_Rate,Training_Time_Sec,evidence_type,paper_rule_scope,source_file
10000,Order1,EconomicGNN_CNN,cnn,0.9972794655713713,0.9747126436781609,0.4798529,0.032362520694732666,0.21590198774844155,65.07700490951538,uploaded-raw-result,final-12,final_model_comparison_metrics_V4.csv
10000,Order1,WeightedGAT_LSTM,lstm,0.5681262245355617,0.3741670937980523,0.45961592,0.22868464887142181,0.21590198774844155,89.65656304359436,uploaded-raw-result,final-12,final_model_comparison_metrics_V4.csv
10000,Order1,SpatioTemporalGNN,spatiotemporal,0.5228833238911315,0.3569230769230769,0.43297106,0.21683576703071594,0.21590198774844155,1375.1126732826233,uploaded-raw-result,final-12,final_model_comparison_metrics_V4.csv
10000,Order2,EconomicGNN_CNN,cnn,0.9942782699322564,0.8450704225352113,0.8282583,0.0337606705725193,0.05025628203524812,51.201828718185425,uploaded-raw-result,final-12,final_model_comparison_metrics_V4.csv
10000,Order2,WeightedGAT_LSTM,lstm,0.9885825951016154,0.8020304568527918,0.8552337,0.06708475202322006,0.05025628203524812,324.09212589263916,uploaded-raw-result,final-12,final_model_comparison_metrics_V4.csv
10000,Order2,SpatioTemporalGNN,spatiotemporal,0.9850026055237102,0.776595744680851,0.8941875,0.1500750333070755,0.05025628203524812,8339.108681678772,uploaded-raw-result,final-12,final_model_comparison_metrics_V4.csv
10000,Order3,EconomicGNN_CNN,cnn,0.9417916260954236,0.42105263157894735,0.91701245,0.06418047100305557,0.08140481451330603,25.40635323524475,uploaded-raw-result,final-12,final_model_comparison_metrics_V4.csv
10000,Order3,WeightedGAT_LSTM,lstm,0.9684518013631938,0.4897959183673469,0.8924336,0.04523322731256485,0.08140481451330603,301.3287835121155,uploaded-raw-result,final-12,final_model_comparison_metrics_V4.csv
10000,Order3,SpatioTemporalGNN,spatiotemporal,0.5937585199610516,0.05555555555555555,0.7696282,0.5803732872009277,0.08140481451330603,2009.0365884304047,uploaded-raw-result,final-12,final_model_comparison_metrics_V4.csv
10000,Period1,EconomicGNN_CNN,cnn,0.9934917274366816,0.75,0.6772405,0.012030943296849728,0.08937899013347772,57.10617542266846,uploaded-raw-result,final-12,final_model_comparison_metrics_V4.csv
10000,Period1,WeightedGAT_LSTM,lstm,0.9983925350897828,0.9459459459459459,0.8382327,0.022254008799791336,0.08937899013347772,467.0603847503662,uploaded-raw-result,final-12,final_model_comparison_metrics_V4.csv
10000,Period1,SpatioTemporalGNN,spatiotemporal,1.0,0.987012987012987,0.8958963,0.016115335747599602,0.08937899013347772,4354.392345905304,uploaded-raw-result,final-12,final_model_comparison_metrics_V4.csv
10000,Period2,EconomicGNN_CNN,cnn,0.9972031587853719,0.8992248062015504,0.93630016,0.01442185789346695,0.06389157792835626,34.97428345680237,uploaded-raw-result,final-12,final_model_comparison_metrics_V4.csv
10000,Period2,WeightedGAT_LSTM,lstm,0.9998276456394347,0.9848484848484849,0.8352006,0.007703316863626242,0.06389157792835626,336.51756858825684,uploaded-raw-result,final-12,final_model_comparison_metrics_V4.csv
10000,Period2,SpatioTemporalGNN,spatiotemporal,0.9998041427720848,0.9774436090225563,0.89581394,0.019296355545520782,0.06389157792835626,2585.9038410186768,uploaded-raw-result,final-12,final_model_comparison_metrics_V4.csv
10000,Period4,EconomicGNN_CNN,cnn,0.9554609109940085,0.7428571428571429,0.85032886,0.006973856128752232,0.08717712177120765,30.512404203414917,uploaded-raw-result,final-12,final_model_comparison_metrics_V4.csv
10000,Period4,WeightedGAT_LSTM,lstm,0.999663129526697,0.9047619047619048,0.87841034,0.00672253780066967,0.08717712177120765,200.1759226322174,uploaded-raw-result,final-12,final_model_comparison_metrics_V4.csv
10000,Period4,SpatioTemporalGNN,spatiotemporal,0.999711253880026,0.9090909090909091,0.9503038,0.014787181280553341,0.08717712177120765,3473.9808390140533,uploaded-raw-result,final-12,final_model_comparison_metrics_V4.csv
10000,Repeats1,EconomicGNN_CNN,cnn,1.0,0.9993935718617344,0.57343197,0.0031267234589904547,0.4124265533191133,13.801207304000854,uploaded-raw-result,final-12,final_model_comparison_metrics_V4.csv
10000,Repeats1,WeightedGAT_LSTM,lstm,0.506408472479901,0.5856630824372759,0.4574786,0.24435032904148102,0.4124265533191133,88.4619448184967,uploaded-raw-result,final-12,final_model_comparison_metrics_V4.csv
10000,Repeats1,SpatioTemporalGNN,spatiotemporal,0.4679323850752422,0.5901996370235935,0.44767255,0.2436928153038025,0.4124265533191133,1565.9223761558533,uploaded-raw-result,final-12,final_model_comparison_metrics_V4.csv
10000,Repeats2,EconomicGNN_CNN,cnn,1.0,0.9958847736625515,0.90521526,0.0030343595426529646,0.06050756344542311,20.920120000839233,uploaded-raw-result,final-12,final_model_comparison_metrics_V4.csv
10000,Repeats2,WeightedGAT_LSTM,lstm,0.9955853741526275,0.8825910931174089,0.8848926,0.022895850241184235,0.06050756344542311,217.8368043899536,uploaded-raw-result,final-12,final_model_comparison_metrics_V4.csv
10000,Repeats2,SpatioTemporalGNN,spatiotemporal,0.9969158690967467,0.8907563025210085,0.9461444,0.020214593037962914,0.06050756344542311,3246.965191602707,uploaded-raw-result,final-12,final_model_comparison_metrics_V4.csv
10000,Repeats3,EconomicGNN_CNN,cnn,1.0,0.9629629629629629,0.9685901,0.006751423701643944,0.08688656476266096,19.73872709274292,uploaded-raw-result,final-12,final_model_comparison_metrics_V4.csv
10000,Repeats3,WeightedGAT_LSTM,lstm,1.0,0.9629629629629629,0.9402122,0.0003984038776252419,0.08688656476266096,153.92537593841553,uploaded-raw-result,final-12,final_model_comparison_metrics_V4.csv
10000,Repeats3,SpatioTemporalGNN,spatiotemporal,0.6181788769861241,0.13333333333333333,0.7482762,0.5564029216766357,0.08688656476266096,3159.1804089546204,uploaded-raw-result,final-12,final_model_comparison_metrics_V4.csv
10000,Timing1,EconomicGNN_CNN,cnn,0.97799499751848,0.8448687350835322,0.6163362,0.06755059212446213,0.1867733466683102,67.53902268409729,uploaded-raw-result,final-12,final_model_comparison_metrics_V4.csv
10000,Timing1,WeightedGAT_LSTM,lstm,0.7866829471912808,0.4934010152284264,0.61580676,0.24770577251911163,0.1867733466683102,177.43628358840942,uploaded-raw-result,final-12,final_model_comparison_metrics_V4.csv
10000,Timing1,SpatioTemporalGNN,spatiotemporal,0.9920196943950514,0.9081081081081082,0.75752205,0.048840295523405075,0.1867733466683102,8406.496989011765,uploaded-raw-result,final-12,final_model_comparison_metrics_V4.csv
10000,Timing2,EconomicGNN_CNN,cnn,0.8996303322146019,0.3787878787878788,0.86850405,0.08533285558223724,0.07902163687675458,35.817469120025635,uploaded-raw-result,final-12,final_model_comparison_metrics_V4.csv
10000,Timing2,WeightedGAT_LSTM,lstm,0.8644875723527409,0.225,0.75811416,0.2566603720188141,0.07902163687675458,110.35493421554565,uploaded-raw-result,final-12,final_model_comparison_metrics_V4.csv
10000,Timing2,SpatioTemporalGNN,spatiotemporal,0.8030911036529014,0.2222222222222222,0.887718,0.2030380815267563,0.07902163687675458,4193.692634105682,uploaded-raw-result,final-12,final_model_comparison_metrics_V4.csv
10000,Timing3,EconomicGNN_CNN,cnn,0.9550299909487833,0.5891472868217055,0.87601376,0.10868719220161438,0.05649999999999294,35.083921909332275,uploaded-raw-result,final-12,final_model_comparison_metrics_V4.csv
10000,Timing3,WeightedGAT_LSTM,lstm,0.9559163536258799,0.5852090032154341,0.8399944,0.11533630639314651,0.05649999999999294,480.89159202575684,uploaded-raw-result,final-12,final_model_comparison_metrics_V4.csv
10000,Timing3,SpatioTemporalGNN,spatiotemporal,0.9617081943995011,0.5704697986577181,0.8805239,0.15300622582435608,0.05649999999999294,3365.528925180435,uploaded-raw-result,final-12,final_model_comparison_metrics_V4.csv
20000,Order1,EconomicGNN_CNN,cnn,0.9978465923027161,0.9779326364692218,0.5589843,0.028670506551861763,0.2146384149009179,95.02867197990417,uploaded-raw-result,final-12,final_model_comparison_metrics_V4.csv
20000,Order1,WeightedGAT_LSTM,lstm,0.49957280126032894,0.004592422502870264,0.463239,0.2303752601146698,0.2146384149009179,177.26498413085938,uploaded-raw-result,final-12,final_model_comparison_metrics_V4.csv
20000,Order1,SpatioTemporalGNN,spatiotemporal,0.7275642854443423,0.47831917746982566,0.48096937,0.21105773746967316,0.2146384149009179,7070.928020000458,uploaded-raw-result,final-12,final_model_comparison_metrics_V4.csv
20000,Order2,EconomicGNN_CNN,cnn,0.9988028441207065,0.9468599033816425,0.859787,0.028470126911997795,0.0506281642602631,102.5104489326477,uploaded-raw-result,final-12,final_model_comparison_metrics_V4.csv
20000,Order2,WeightedGAT_LSTM,lstm,0.9899052392106813,0.8190954773869347,0.8581668,0.056201741099357605,0.0506281642602631,676.5090017318726,uploaded-raw-result,final-12,final_model_comparison_metrics_V4.csv
20000,Order2,SpatioTemporalGNN,spatiotemporal,0.725301364212951,0.2179176755447942,0.81351167,0.5216960906982422,0.0506281642602631,6940.889247179031,uploaded-raw-result,final-12,final_model_comparison_metrics_V4.csv
20000,Order3,EconomicGNN_CNN,cnn,0.9868348933299603,0.5739130434782609,0.9149883,0.05122731253504753,0.08814028610982418,61.85427165031433,uploaded-raw-result,final-12,final_model_comparison_metrics_V4.csv
20000,Order3,WeightedGAT_LSTM,lstm,0.993090690614723,0.7422680412371134,0.8642966,0.01903667487204075,0.08814028610982418,592.1859397888184,uploaded-raw-result,final-12,final_model_comparison_metrics_V4.csv
20000,Order3,SpatioTemporalGNN,spatiotemporal,0.7305632852685724,0.1456953642384106,0.8420331,0.28267815709114075,0.08814028610982418,7482.089810371399,uploaded-raw-result,final-12,final_model_comparison_metrics_V4.csv
20000,Period1,EconomicGNN_CNN,cnn,0.9997228521038044,0.9506172839506173,0.914708,0.010363208130002022,0.0756986204456977,65.10205912590027,uploaded-raw-result,final-12,final_model_comparison_metrics_V4.csv
20000,Period1,WeightedGAT_LSTM,lstm,0.9999023683547493,0.9580838323353293,0.81327057,0.01504204049706459,0.0756986204456977,979.1966505050659,uploaded-raw-result,final-12,final_model_comparison_metrics_V4.csv
20000,Period1,SpatioTemporalGNN,spatiotemporal,0.999738599143361,0.9512195121951219,0.8740302,0.008186167106032372,0.0756986204456977,14329.640382766724,uploaded-raw-result,final-12,final_model_comparison_metrics_V4.csv
20000,Period2,EconomicGNN_CNN,cnn,0.9990599078341014,0.9486166007905138,0.9159976,0.006030711345374584,0.08857260483443577,116.60016918182373,uploaded-raw-result,final-12,final_model_comparison_metrics_V4.csv
20000,Period2,WeightedGAT_LSTM,lstm,0.9998545826932924,0.9765625,0.87787634,0.004124251194298267,0.08857260483443577,781.0219068527222,uploaded-raw-result,final-12,final_model_comparison_metrics_V4.csv
20000,Period2,SpatioTemporalGNN,spatiotemporal,0.9984720942140297,0.8888888888888888,0.9273291,0.013856697827577591,0.08857260483443577,8179.836717844009,uploaded-raw-result,final-12,final_model_comparison_metrics_V4.csv
20000,Period4,EconomicGNN_CNN,cnn,0.998466289349748,0.8695652173913043,0.96773696,0.029176535084843636,0.08941637379731004,54.05307722091675,uploaded-raw-result,final-12,final_model_comparison_metrics_V4.csv
20000,Period4,WeightedGAT_LSTM,lstm,0.9989775262331653,0.8514851485148515,0.93855864,0.018694255501031876,0.08941637379731004,355.1961555480957,uploaded-raw-result,final-12,final_model_comparison_metrics_V4.csv
20000,Period4,SpatioTemporalGNN,spatiotemporal,0.9993390068578039,0.9010989010989011,0.95468074,0.014904351904988289,0.08941637379731004,4960.505916833878,uploaded-raw-result,final-12,final_model_comparison_metrics_V4.csv
20000,Repeats1,EconomicGNN_CNN,cnn,1.0,0.9996966939642099,0.9314614,0.0011413069441914558,0.41224999999997425,26.082786560058594,uploaded-raw-result,final-12,final_model_comparison_metrics_V4.csv
20000,Repeats1,WeightedGAT_LSTM,lstm,0.5121533254625789,0.565191970376145,0.45872417,0.24445980787277222,0.41224999999997425,176.7388870716095,uploaded-raw-result,final-12,final_model_comparison_metrics_V4.csv
20000,Repeats1,SpatioTemporalGNN,spatiotemporal,0.6526284958286462,0.5921177587844254,0.4648665,0.2450118064880371,0.41224999999997425,3342.670738697052,uploaded-raw-result,final-12,final_model_comparison_metrics_V4.csv
20000,Repeats2,EconomicGNN_CNN,cnn,1.0,0.997920997920998,0.96043223,0.0020059889648109674,0.060191261953868355,28.252243995666504,uploaded-raw-result,final-12,final_model_comparison_metrics_V4.csv
20000,Repeats2,WeightedGAT_LSTM,lstm,0.9949225302374857,0.9853862212943633,0.90323687,0.009889737702906132,0.060191261953868355,746.1640484333038,uploaded-raw-result,final-12,final_model_comparison_metrics_V4.csv
20000,Repeats2,SpatioTemporalGNN,spatiotemporal,0.9966882228304053,0.8919449901768173,0.8973043,0.015873873606324196,0.060191261953868355,12529.357609033585,uploaded-raw-result,final-12,final_model_comparison_metrics_V4.csv
20000,Repeats3,EconomicGNN_CNN,cnn,1.0,0.9795918367346939,0.974567,0.001259705051779747,0.09059711736444231,35.71973490715027,uploaded-raw-result,final-12,final_model_comparison_metrics_V4.csv
20000,Repeats3,WeightedGAT_LSTM,lstm,0.9994969818913481,0.9166666666666666,0.86879486,0.0016091467114165425,0.09059711736444231,840.106543302536,uploaded-raw-result,final-12,final_model_comparison_metrics_V4.csv
20000,Repeats3,SpatioTemporalGNN,spatiotemporal,0.9999698189134808,0.96,0.9720843,0.0015319709200412035,0.09059711736444231,11828.709862232208,uploaded-raw-result,final-12,final_model_comparison_metrics_V4.csv
20000,Timing1,EconomicGNN_CNN,cnn,0.991546540091422,0.9055415617128464,0.7162748,0.06512405723333359,0.19426214138382433,169.31318306922913,uploaded-raw-result,final-12,final_model_comparison_metrics_V4.csv
20000,Timing1,WeightedGAT_LSTM,lstm,0.7734028476239623,0.481651376146789,0.59385467,0.25966641306877136,0.19426214138382433,343.4378995895386,uploaded-raw-result,final-12,final_model_comparison_metrics_V4.csv
20000,Timing1,SpatioTemporalGNN,spatiotemporal,0.997972477700844,0.9531970995385629,0.7908923,0.031581372022628784,0.19426214138382433,19643.369031906128,uploaded-raw-result,final-12,final_model_comparison_metrics_V4.csv
20000,Timing2,EconomicGNN_CNN,cnn,0.9381204333585286,0.3939393939393939,0.82664853,0.04146694391965866,0.07592101385204386,144.58109140396118,uploaded-raw-result,final-12,final_model_comparison_metrics_V4.csv
20000,Timing2,WeightedGAT_LSTM,lstm,0.8786785084404133,0.23272727272727273,0.80069494,0.29027754068374634,0.07592101385204386,221.5603883266449,uploaded-raw-result,final-12,final_model_comparison_metrics_V4.csv
20000,Timing2,SpatioTemporalGNN,spatiotemporal,0.9825459813555052,0.6375,0.94876295,0.08289683610200882,0.07592101385204386,17246.994884967804,uploaded-raw-result,final-12,final_model_comparison_metrics_V4.csv
20000,Timing3,EconomicGNN_CNN,cnn,0.9396470479314987,0.4772313296903461,0.8828885,0.15676580369472504,0.05569098068628941,40.87841176986694,uploaded-raw-result,final-12,final_model_comparison_metrics_V4.csv
20000,Timing3,WeightedGAT_LSTM,lstm,0.9433746709175377,0.5244865718799369,0.8253433,0.14763417840003967,0.05569098068628941,525.2953224182129,uploaded-raw-result,final-12,final_model_comparison_metrics_V4.csv
20000,Timing3,SpatioTemporalGNN,spatiotemporal,0.9653920384002735,0.5884413309982487,0.8671595,0.12929829955101013,0.05569098068628941,5643.429205417633,uploaded-raw-result,final-12,final_model_comparison_metrics_V4.csv
